Workbook

Sheet Movements
A1: medicine | B1: name | C1: batch | D1: unit_cost | E1: business_day | F1: time | G1: type | H1: d_sellable | I1: d_quarantine | J1: d_pending | K1: is_reversal | L1: cost_of_d_sellable
A2: ACC200 | B2: Acetylcysteine 200 mg | C2: ACC2029032 | D2: 1364 | E2: 2026-06-04 | F2: 08:09 | G2: receipt | H2: 339 | I2: 0 | J2: 0 | K2: f | L2: =H2*D2
A3: ACC200 | B3: Acetylcysteine 200 mg | C3: ACC2029021 | D3: 1760 | E3: 2026-08-10 | F3: 08:17 | G3: receipt | H3: 210 | I3: 0 | J3: 0 | K3: f | L3: =H3*D3
A4: ACIC-CR | B4: Aciclovir cream 5% | C4: ACICC26122 | D4: 15750 | E4: 2026-04-17 | F4: 08:06 | G4: receipt | H4: 6 | I4: 0 | J4: 0 | K4: f | L4: =H4*D4
A5: ACIC-CR | B5: Aciclovir cream 5% | C5: ACICC28031 | D5: 17750 | E5: 2026-09-03 | F5: 08:20 | G5: receipt | H5: 16 | I5: 0 | J5: 0 | K5: f | L5: =H5*D5
A6: ALU-GEL | B6: Aluminium phosphate gel | C6: ALUGE27081 | D6: 2745 | E6: 2026-06-22 | F6: 08:12 | G6: receipt | H6: 283 | I6: 0 | J6: 0 | K6: f | L6: =H6*D6
A7: ALU-GEL | B7: Aluminium phosphate gel | C7: ALUGE27122 | D7: 3150 | E7: 2026-09-11 | F7: 08:21 | G7: receipt | H7: 108 | I7: 0 | J7: 0 | K7: f | L7: =H7*D7
A8: AMLO5 | B8: Amlodipine 5 mg | C8: AMLO528072 | D8: 585 | E8: 2026-07-20 | F8: 08:15 | G8: receipt | H8: 29 | I8: 0 | J8: 0 | K8: f | L8: =H8*D8
A9: AMLO5 | B9: Amlodipine 5 mg | C9: AMLO528121 | D9: 576 | E9: 2026-10-02 | F9: 08:23 | G9: receipt | H9: 30 | I9: 0 | J9: 0 | K9: f | L9: =H9*D9
A10: AMOX500 | B10: Amoxicillin 500 mg | C10: AMOX528041 | D10: 1296 | E10: 2026-07-01 | F10: 08:13 | G10: receipt | H10: 193 | I10: 0 | J10: 0 | K10: f | L10: =H10*D10
A11: AMOX500 | B11: Amoxicillin 500 mg | C11: AMOX527092 | D11: 1170 | E11: 2026-09-11 | F11: 08:21 | G11: receipt | H11: 372 | I11: 0 | J11: 0 | K11: f | L11: =H11*D11
A12: ARTI-TEAR | B12: Artificial tears | C12: ARTIT27101 | D12: 39600 | E12: 2026-06-10 | F12: 08:10 | G12: receipt | H12: 18 | I12: 0 | J12: 0 | K12: f | L12: =H12*D12
A13: ARTI-TEAR | B13: Artificial tears | C13: ARTIT29042 | D13: 33550 | E13: 2026-08-22 | F13: 08:18 | G13: receipt | H13: 24 | I13: 0 | J13: 0 | K13: f | L13: =H13*D13
... A140: ZINC10 | B140: Zinc gluconate 10 mg | C140: ZINC128031 | D140: 1404 | E140: 2026-05-29 | F140: 08:07 | G140: receipt | H140: 94 | I140: 0 | J140: 0 | K140: f | L140: =H140*D140

Sheet Calculation
A1: period_from | B1: period_to | C1: medicine | D1: opening | E1: received | F1: dispensed | G1: sold | H1: returned | I1: released | J1: rejected | K1: writtenOff | L1: destroyed | M1: adjusted | N1: closing | O1: netIssued | P1: costNetIssued
A2: 2026-09-01 | B2: 2026-09-30 | C2: BROM8 | D2: =SUMIFS(Movements!$H$2:$H$140,Movements!$A$2:$A$140,$C2,Movements!$E$2:$E$140,"<"&$A2)+SUMIFS(Movements!$I$2:$I$140,Movements!$A$2:$A$140,$C2,Movements!$E$2:$E$140,"<"&$A2)+SUMIFS(Movements!$J$2:$J$140,Movements!$A$2:$A$140,$C2,Movements!$E$2:$E$140,"<"&$A2) | E2: =SUMIFS(Movements!$H$2:$H$140,Movements!$A$2:$A$140,$C2,Movements!$E$2:$E$140,">="&$A2,Movements!$E$2:$E$140,"<="&$B2,Movements!$G$2:$G$140,"receipt") | F2: =-SUMIFS(Movements!$H$2:$H$140,Movements!$A$2:$A$140,$C2,Movements!$E$2:$E$140,">="&$A2,Movements!$E$2:$E$140,"<="&$B2,Movements!$G$2:$G$140,"dispense") | G2: =-SUMIFS(Movements!$H$2:$H$140,Movements!$A$2:$A$140,$C2,Movements!$E$2:$E$140,">="&$A2,Movements!$E$2:$E$140,"<="&$B2,Movements!$G$2:$G$140,"sale") | H2: =SUMIFS(Movements!$I$2:$I$140,Movements!$A$2:$A$140,$C2,Movements!$E$2:$E$140,">="&$A2,Movements!$E$2:$E$140,"<="&$B2,Movements!$G$2:$G$140,"return") | I2: =SUMIFS(Movements!$H$2:$H$140,Movements!$A$2:$A$140,$C2,Movements!$E$2:$E$140,">="&$A2,Movements!$E$2:$E$140,"<="&$B2,Movements!$G$2:$G$140,"release") | J2: =SUMIFS(Movements!$J$2:$J$140,Movements!$A$2:$A$140,$C2,Movements!$E$2:$E$140,">="&$A2,Movements!$E$2:$E$140,"<="&$B2,Movements!$G$2:$G$140,"reject") | K2: =SUMIFS(Movements!$J$2:$J$140,Movements!$A$2:$A$140,$C2,Movements!$E$2:$E$140,">="&$A2,Movements!$E$2:$E$140,"<="&$B2,Movements!$G$2:$G$140,"write_off") | L2: =-SUMIFS(Movements!$J$2:$J$140,Movements!$A$2:$A$140,$C2,Movements!$E$2:$E$140,">="&$A2,Movements!$E$2:$E$140,"<="&$B2,Movements!$G$2:$G$140,"destroy") | M2: =SUMIFS(Movements!$H$2:$H$140,Movements!$A$2:$A$140,$C2,Movements!$E$2:$E$140,">="&$A2,Movements!$E$2:$E$140,"<="&$B2,Movements!$G$2:$G$140,"adjustment") | N2: =D2+SUMIFS(Movements!$H$2:$H$140,Movements!$A$2:$A$140,$C2,Movements!$E$2:$E$140,">="&$A2,Movements!$E$2:$E$140,"<="&$B2)+SUMIFS(Movements!$I$2:$I$140,Movements!$A$2:$A$140,$C2,Movements!$E$2:$E$140,">="&$A2,Movements!$E$2:$E$140,"<="&$B2)+SUMIFS(Movements!$J$2:$J$140,Movements!$A$2:$A$140,$C2,Movements!$E$2:$E$140,">="&$A2,Movements!$E$2:$E$140,"<="&$B2) | O2: =F2+G2-I2 | P2: =-SUMIFS(Movements!$L$2:$L$140,Movements!$A$2:$A$140,$C2,Movements!$E$2:$E$140,">="&$A2,Movements!$E$2:$E$140,"<="&$B2,Movements!$G$2:$G$140,"dispense")-SUMIFS(Movements!$L$2:$L$140,Movements!$A$2:$A$140,$C2,Movements!$E$2:$E$140,">="&$A2,Movements!$E$2:$E$140,"<="&$B2,Movements!$G$2:$G$140,"sale")-SUMIFS(Movements!$L$2:$L$140,Movements!$A$2:$A$140,$C2,Movements!$E$2:$E$140,">="&$A2,Movements!$E$2:$E$140,"<="&$B2,Movements!$G$2:$G$140,"release")
A3: 2026-09-01 | B3: 2026-09-30 | C3: LORA10 | D3: =SUMIFS(Movements!$H$2:$H$140,Movements!$A$2:$A$140,$C3,Movements!$E$2:$E$140,"<"&$A3)+SUMIFS(Movements!$I$2:$I$140,Movements!$A$2:$A$140,$C3,Movements!$E$2:$E$140,"<"&$A3)+SUMIFS(Movements!$J$2:$J$140,Movements!$A$2:$A$140,$C3,Movements!$E$2:$E$140,"<"&$A3) | E3: =SUMIFS(Movements!$H$2:$H$140,Movements!$A$2:$A$140,$C3,Movements!$E$2:$E$140,">="&$A3,Movements!$E$2:$E$140,"<="&$B3,Movements!$G$2:$G$140,"receipt") | F3: =-SUMIFS(Movements!$H$2:$H$140,Movements!$A$2:$A$140,$C3,Movements!$E$2:$E$140,">="&$A3,Movements!$E$2:$E$140,"<="&$B3,Movements!$G$2:$G$140,"dispense") | G3: =-SUMIFS(Movements!$H$2:$H$140,Movements!$A$2:$A$140,$C3,Movements!$E$2:$E$140,">="&$A3,Movements!$E$2:$E$140,"<="&$B3,Movements!$G$2:$G$140,"sale") | H3: =SUMIFS(Movements!$I$2:$I$140,Movements!$A$2:$A$140,$C3,Movements!$E$2:$E$140,">="&$A3,Movements!$E$2:$E$140,"<="&$B3,Movements!$G$2:$G$140,"return") | I3: =SUMIFS(Movements!$H$2:$H$140,Movements!$A$2:$A$140,$C3,Movements!$E$2:$E$140,">="&$A3,Movements!$E$2:$E$140,"<="&$B3,Movements!$G$2:$G$140,"release") | J3: =SUMIFS(Movements!$J$2:$J$140,Movements!$A$2:$A$140,$C3,Movements!$E$2:$E$140,">="&$A3,Movements!$E$2:$E$140,"<="&$B3,Movements!$G$2:$G$140,"reject") | K3: =SUMIFS(Movements!$J$2:$J$140,Movements!$A$2:$A$140,$C3,Movements!$E$2:$E$140,">="&$A3,Movements!$E$2:$E$140,"<="&$B3,Movements!$G$2:$G$140,"write_off") | L3: =-SUMIFS(Movements!$J$2:$J$140,Movements!$A$2:$A$140,$C3,Movements!$E$2:$E$140,">="&$A3,Movements!$E$2:$E$140,"<="&$B3,Movements!$G$2:$G$140,"destroy") | M3: =SUMIFS(Movements!$H$2:$H$140,Movements!$A$2:$A$140,$C3,Movements!$E$2:$E$140,">="&$A3,Movements!$E$2:$E$140,"<="&$B3,Movements!$G$2:$G$140,"adjustment") | N3: =D3+SUMIFS(Movements!$H$2:$H$140,Movements!$A$2:$A$140,$C3,Movements!$E$2:$E$140,">="&$A3,Movements!$E$2:$E$140,"<="&$B3)+SUMIFS(Movements!$I$2:$I$140,Movements!$A$2:$A$140,$C3,Movements!$E$2:$E$140,">="&$A3,Movements!$E$2:$E$140,"<="&$B3)+SUMIFS(Movements!$J$2:$J$140,Movements!$A$2:$A$140,$C3,Movements!$E$2:$E$140,">="&$A3,Movements!$E$2:$E$140,"<="&$B3) | O3: =F3+G3-I3 | P3: =-SUMIFS(Movements!$L$2:$L$140,Movements!$A$2:$A$140,$C3,Movements!$E$2:$E$140,">="&$A3,Movements!$E$2:$E$140,"<="&$B3,Movements!$G$2:$G$140,"dispense")-SUMIFS(Movements!$L$2:$L$140,Movements!$A$2:$A$140,$C3,Movements!$E$2:$E$140,">="&$A3,Movements!$E$2:$E$140,"<="&$B3,Movements!$G$2:$G$140,"sale")-SUMIFS(Movements!$L$2:$L$140,Movements!$A$2:$A$140,$C3,Movements!$E$2:$E$140,">="&$A3,Movements!$E$2:$E$140,"<="&$B3,Movements!$G$2:$G$140,"release")
A4: 2026-09-01 | B4: 2026-09-30 | C4: PARA500 | D4: =SUMIFS(Movements!$H$2:$H$140,Movements!$A$2:$A$140,$C4,Movements!$E$2:$E$140,"<"&$A4)+SUMIFS(Movements!$I$2:$I$140,Movements!$A$2:$A$140,$C4,Movements!$E$2:$E$140,"<"&$A4)+SUMIFS(Movements!$J$2:$J$140,Movements!$A$2:$A$140,$C4,Movements!$E$2:$E$140,"<"&$A4) | E4: =SUMIFS(Movements!$H$2:$H$140,Movements!$A$2:$A$140,$C4,Movements!$E$2:$E$140,">="&$A4,Movements!$E$2:$E$140,"<="&$B4,Movements!$G$2:$G$140,"receipt") | F4: =-SUMIFS(Movements!$H$2:$H$140,Movements!$A$2:$A$140,$C4,Movements!$E$2:$E$140,">="&$A4,Movements!$E$2:$E$140,"<="&$B4,Movements!$G$2:$G$140,"dispense") | G4: =-SUMIFS(Movements!$H$2:$H$140,Movements!$A$2:$A$140,$C4,Movements!$E$2:$E$140,">="&$A4,Movements!$E$2:$E$140,"<="&$B4,Movements!$G$2:$G$140,"sale") | H4: =SUMIFS(Movements!$I$2:$I$140,Movements!$A$2:$A$140,$C4,Movements!$E$2:$E$140,">="&$A4,Movements!$E$2:$E$140,"<="&$B4,Movements!$G$2:$G$140,"return") | I4: =SUMIFS(Movements!$H$2:$H$140,Movements!$A$2:$A$140,$C4,Movements!$E$2:$E$140,">="&$A4,Movements!$E$2:$E$140,"<="&$B4,Movements!$G$2:$G$140,"release") | J4: =SUMIFS(Movements!$J$2:$J$140,Movements!$A$2:$A$140,$C4,Movements!$E$2:$E$140,">="&$A4,Movements!$E$2:$E$140,"<="&$B4,Movements!$G$2:$G$140,"reject") | K4: =SUMIFS(Movements!$J$2:$J$140,Movements!$A$2:$A$140,$C4,Movements!$E$2:$E$140,">="&$A4,Movements!$E$2:$E$140,"<="&$B4,Movements!$G$2:$G$140,"write_off") | L4: =-SUMIFS(Movements!$J$2:$J$140,Movements!$A$2:$A$140,$C4,Movements!$E$2:$E$140,">="&$A4,Movements!$E$2:$E$140,"<="&$B4,Movements!$G$2:$G$140,"destroy") | M4: =SUMIFS(Movements!$H$2:$H$140,Movements!$A$2:$A$140,$C4,Movements!$E$2:$E$140,">="&$A4,Movements!$E$2:$E$140,"<="&$B4,Movements!$G$2:$G$140,"adjustment") | N4: =D4+SUMIFS(Movements!$H$2:$H$140,Movements!$A$2:$A$140,$C4,Movements!$E$2:$E$140,">="&$A4,Movements!$E$2:$E$140,"<="&$B4)+SUMIFS(Movements!$I$2:$I$140,Movements!$A$2:$A$140,$C4,Movements!$E$2:$E$140,">="&$A4,Movements!$E$2:$E$140,"<="&$B4)+SUMIFS(Movements!$J$2:$J$140,Movements!$A$2:$A$140,$C4,Movements!$E$2:$E$140,">="&$A4,Movements!$E$2:$E$140,"<="&$B4) | O4: =F4+G4-I4 | P4: =-SUMIFS(Movements!$L$2:$L$140,Movements!$A$2:$A$140,$C4,Movements!$E$2:$E$140,">="&$A4,Movements!$E$2:$E$140,"<="&$B4,Movements!$G$2:$G$140,"dispense")-SUMIFS(Movements!$L$2:$L$140,Movements!$A$2:$A$140,$C4,Movements!$E$2:$E$140,">="&$A4,Movements!$E$2:$E$140,"<="&$B4,Movements!$G$2:$G$140,"sale")-SUMIFS(Movements!$L$2:$L$140,Movements!$A$2:$A$140,$C4,Movements!$E$2:$E$140,">="&$A4,Movements!$E$2:$E$140,"<="&$B4,Movements!$G$2:$G$140,"release")
A5: 2026-09-01 | B5: 2026-09-30 | C5: VITC500 | D5: =SUMIFS(Movements!$H$2:$H$140,Movements!$A$2:$A$140,$C5,Movements!$E$2:$E$140,"<"&$A5)+SUMIFS(Movements!$I$2:$I$140,Movements!$A$2:$A$140,$C5,Movements!$E$2:$E$140,"<"&$A5)+SUMIFS(Movements!$J$2:$J$140,Movements!$A$2:$A$140,$C5,Movements!$E$2:$E$140,"<"&$A5) | E5: =SUMIFS(Movements!$H$2:$H$140,Movements!$A$2:$A$140,$C5,Movements!$E$2:$E$140,">="&$A5,Movements!$E$2:$E$140,"<="&$B5,Movements!$G$2:$G$140,"receipt") | F5: =-SUMIFS(Movements!$H$2:$H$140,Movements!$A$2:$A$140,$C5,Movements!$E$2:$E$140,">="&$A5,Movements!$E$2:$E$140,"<="&$B5,Movements!$G$2:$G$140,"dispense") | G5: =-SUMIFS(Movements!$H$2:$H$140,Movements!$A$2:$A$140,$C5,Movements!$E$2:$E$140,">="&$A5,Movements!$E$2:$E$140,"<="&$B5,Movements!$G$2:$G$140,"sale") | H5: =SUMIFS(Movements!$I$2:$I$140,Movements!$A$2:$A$140,$C5,Movements!$E$2:$E$140,">="&$A5,Movements!$E$2:$E$140,"<="&$B5,Movements!$G$2:$G$140,"return") | I5: =SUMIFS(Movements!$H$2:$H$140,Movements!$A$2:$A$140,$C5,Movements!$E$2:$E$140,">="&$A5,Movements!$E$2:$E$140,"<="&$B5,Movements!$G$2:$G$140,"release") | J5: =SUMIFS(Movements!$J$2:$J$140,Movements!$A$2:$A$140,$C5,Movements!$E$2:$E$140,">="&$A5,Movements!$E$2:$E$140,"<="&$B5,Movements!$G$2:$G$140,"reject") | K5: =SUMIFS(Movements!$J$2:$J$140,Movements!$A$2:$A$140,$C5,Movements!$E$2:$E$140,">="&$A5,Movements!$E$2:$E$140,"<="&$B5,Movements!$G$2:$G$140,"write_off") | L5: =-SUMIFS(Movements!$J$2:$J$140,Movements!$A$2:$A$140,$C5,Movements!$E$2:$E$140,">="&$A5,Movements!$E$2:$E$140,"<="&$B5,Movements!$G$2:$G$140,"destroy") | M5: =SUMIFS(Movements!$H$2:$H$140,Movements!$A$2:$A$140,$C5,Movements!$E$2:$E$140,">="&$A5,Movements!$E$2:$E$140,"<="&$B5,Movements!$G$2:$G$140,"adjustment") | N5: =D5+SUMIFS(Movements!$H$2:$H$140,Movements!$A$2:$A$140,$C5,Movements!$E$2:$E$140,">="&$A5,Movements!$E$2:$E$140,"<="&$B5)+SUMIFS(Movements!$I$2:$I$140,Movements!$A$2:$A$140,$C5,Movements!$E$2:$E$140,">="&$A5,Movements!$E$2:$E$140,"<="&$B5)+SUMIFS(Movements!$J$2:$J$140,Movements!$A$2:$A$140,$C5,Movements!$E$2:$E$140,">="&$A5,Movements!$E$2:$E$140,"<="&$B5) | O5: =F5+G5-I5 | P5: =-SUMIFS(Movements!$L$2:$L$140,Movements!$A$2:$A$140,$C5,Movements!$E$2:$E$140,">="&$A5,Movements!$E$2:$E$140,"<="&$B5,Movements!$G$2:$G$140,"dispense")-SUMIFS(Movements!$L$2:$L$140,Movements!$A$2:$A$140,$C5,Movements!$E$2:$E$140,">="&$A5,Movements!$E$2:$E$140,"<="&$B5,Movements!$G$2:$G$140,"sale")-SUMIFS(Movements!$L$2:$L$140,Movements!$A$2:$A$140,$C5,Movements!$E$2:$E$140,">="&$A5,Movements!$E$2:$E$140,"<="&$B5,Movements!$G$2:$G$140,"release")
A6: 2026-10-01 | B6: 2026-10-27 | C6: BROM8 | D6: =SUMIFS(Movements!$H$2:$H$140,Movements!$A$2:$A$140,$C6,Movements!$E$2:$E$140,"<"&$A6)+SUMIFS(Movements!$I$2:$I$140,Movements!$A$2:$A$140,$C6,Movements!$E$2:$E$140,"<"&$A6)+SUMIFS(Movements!$J$2:$J$140,Movements!$A$2:$A$140,$C6,Movements!$E$2:$E$140,"<"&$A6) | E6: =SUMIFS(Movements!$H$2:$H$140,Movements!$A$2:$A$140,$C6,Movements!$E$2:$E$140,">="&$A6,Movements!$E$2:$E$140,"<="&$B6,Movements!$G$2:$G$140,"receipt") | F6: =-SUMIFS(Movements!$H$2:$H$140,Movements!$A$2:$A$140,$C6,Movements!$E$2:$E$140,">="&$A6,Movements!$E$2:$E$140,"<="&$B6,Movements!$G$2:$G$140,"dispense") | G6: =-SUMIFS(Movements!$H$2:$H$140,Movements!$A$2:$A$140,$C6,Movements!$E$2:$E$140,">="&$A6,Movements!$E$2:$E$140,"<="&$B6,Movements!$G$2:$G$140,"sale") | H6: =SUMIFS(Movements!$I$2:$I$140,Movements!$A$2:$A$140,$C6,Movements!$E$2:$E$140,">="&$A6,Movements!$E$2:$E$140,"<="&$B6,Movements!$G$2:$G$140,"return") | I6: =SUMIFS(Movements!$H$2:$H$140,Movements!$A$2:$A$140,$C6,Movements!$E$2:$E$140,">="&$A6,Movements!$E$2:$E$140,"<="&$B6,Movements!$G$2:$G$140,"release") | J6: =SUMIFS(Movements!$J$2:$J$140,Movements!$A$2:$A$140,$C6,Movements!$E$2:$E$140,">="&$A6,Movements!$E$2:$E$140,"<="&$B6,Movements!$G$2:$G$140,"reject") | K6: =SUMIFS(Movements!$J$2:$J$140,Movements!$A$2:$A$140,$C6,Movements!$E$2:$E$140,">="&$A6,Movements!$E$2:$E$140,"<="&$B6,Movements!$G$2:$G$140,"write_off") | L6: =-SUMIFS(Movements!$J$2:$J$140,Movements!$A$2:$A$140,$C6,Movements!$E$2:$E$140,">="&$A6,Movements!$E$2:$E$140,"<="&$B6,Movements!$G$2:$G$140,"destroy") | M6: =SUMIFS(Movements!$H$2:$H$140,Movements!$A$2:$A$140,$C6,Movements!$E$2:$E$140,">="&$A6,Movements!$E$2:$E$140,"<="&$B6,Movements!$G$2:$G$140,"adjustment") | N6: =D6+SUMIFS(Movements!$H$2:$H$140,Movements!$A$2:$A$140,$C6,Movements!$E$2:$E$140,">="&$A6,Movements!$E$2:$E$140,"<="&$B6)+SUMIFS(Movements!$I$2:$I$140,Movements!$A$2:$A$140,$C6,Movements!$E$2:$E$140,">="&$A6,Movements!$E$2:$E$140,"<="&$B6)+SUMIFS(Movements!$J$2:$J$140,Movements!$A$2:$A$140,$C6,Movements!$E$2:$E$140,">="&$A6,Movements!$E$2:$E$140,"<="&$B6) | O6: =F6+G6-I6 | P6: =-SUMIFS(Movements!$L$2:$L$140,Movements!$A$2:$A$140,$C6,Movements!$E$2:$E$140,">="&$A6,Movements!$E$2:$E$140,"<="&$B6,Movements!$G$2:$G$140,"dispense")-SUMIFS(Movements!$L$2:$L$140,Movements!$A$2:$A$140,$C6,Movements!$E$2:$E$140,">="&$A6,Movements!$E$2:$E$140,"<="&$B6,Movements!$G$2:$G$140,"sale")-SUMIFS(Movements!$L$2:$L$140,Movements!$A$2:$A$140,$C6,Movements!$E$2:$E$140,">="&$A6,Movements!$E$2:$E$140,"<="&$B6,Movements!$G$2:$G$140,"release")
A7: 2026-10-01 | B7: 2026-10-27 | C7: LORA10 | D7: =SUMIFS(Movements!$H$2:$H$140,Movements!$A$2:$A$140,$C7,Movements!$E$2:$E$140,"<"&$A7)+SUMIFS(Movements!$I$2:$I$140,Movements!$A$2:$A$140,$C7,Movements!$E$2:$E$140,"<"&$A7)+SUMIFS(Movements!$J$2:$J$140,Movements!$A$2:$A$140,$C7,Movements!$E$2:$E$140,"<"&$A7) | E7: =SUMIFS(Movements!$H$2:$H$140,Movements!$A$2:$A$140,$C7,Movements!$E$2:$E$140,">="&$A7,Movements!$E$2:$E$140,"<="&$B7,Movements!$G$2:$G$140,"receipt") | F7: =-SUMIFS(Movements!$H$2:$H$140,Movements!$A$2:$A$140,$C7,Movements!$E$2:$E$140,">="&$A7,Movements!$E$2:$E$140,"<="&$B7,Movements!$G$2:$G$140,"dispense") | G7: =-SUMIFS(Movements!$H$2:$H$140,Movements!$A$2:$A$140,$C7,Movements!$E$2:$E$140,">="&$A7,Movements!$E$2:$E$140,"<="&$B7,Movements!$G$2:$G$140,"sale") | H7: =SUMIFS(Movements!$I$2:$I$140,Movements!$A$2:$A$140,$C7,Movements!$E$2:$E$140,">="&$A7,Movements!$E$2:$E$140,"<="&$B7,Movements!$G$2:$G$140,"return") | I7: =SUMIFS(Movements!$H$2:$H$140,Movements!$A$2:$A$140,$C7,Movements!$E$2:$E$140,">="&$A7,Movements!$E$2:$E$140,"<="&$B7,Movements!$G$2:$G$140,"release") | J7: =SUMIFS(Movements!$J$2:$J$140,Movements!$A$2:$A$140,$C7,Movements!$E$2:$E$140,">="&$A7,Movements!$E$2:$E$140,"<="&$B7,Movements!$G$2:$G$140,"reject") | K7: =SUMIFS(Movements!$J$2:$J$140,Movements!$A$2:$A$140,$C7,Movements!$E$2:$E$140,">="&$A7,Movements!$E$2:$E$140,"<="&$B7,Movements!$G$2:$G$140,"write_off") | L7: =-SUMIFS(Movements!$J$2:$J$140,Movements!$A$2:$A$140,$C7,Movements!$E$2:$E$140,">="&$A7,Movements!$E$2:$E$140,"<="&$B7,Movements!$G$2:$G$140,"destroy") | M7: =SUMIFS(Movements!$H$2:$H$140,Movements!$A$2:$A$140,$C7,Movements!$E$2:$E$140,">="&$A7,Movements!$E$2:$E$140,"<="&$B7,Movements!$G$2:$G$140,"adjustment") | N7: =D7+SUMIFS(Movements!$H$2:$H$140,Movements!$A$2:$A$140,$C7,Movements!$E$2:$E$140,">="&$A7,Movements!$E$2:$E$140,"<="&$B7)+SUMIFS(Movements!$I$2:$I$140,Movements!$A$2:$A$140,$C7,Movements!$E$2:$E$140,">="&$A7,Movements!$E$2:$E$140,"<="&$B7)+SUMIFS(Movements!$J$2:$J$140,Movements!$A$2:$A$140,$C7,Movements!$E$2:$E$140,">="&$A7,Movements!$E$2:$E$140,"<="&$B7) | O7: =F7+G7-I7 | P7: =-SUMIFS(Movements!$L$2:$L$140,Movements!$A$2:$A$140,$C7,Movements!$E$2:$E$140,">="&$A7,Movements!$E$2:$E$140,"<="&$B7,Movements!$G$2:$G$140,"dispense")-SUMIFS(Movements!$L$2:$L$140,Movements!$A$2:$A$140,$C7,Movements!$E$2:$E$140,">="&$A7,Movements!$E$2:$E$140,"<="&$B7,Movements!$G$2:$G$140,"sale")-SUMIFS(Movements!$L$2:$L$140,Movements!$A$2:$A$140,$C7,Movements!$E$2:$E$140,">="&$A7,Movements!$E$2:$E$140,"<="&$B7,Movements!$G$2:$G$140,"release")
A8: 2026-10-01 | B8: 2026-10-27 | C8: PARA500 | D8: =SUMIFS(Movements!$H$2:$H$140,Movements!$A$2:$A$140,$C8,Movements!$E$2:$E$140,"<"&$A8)+SUMIFS(Movements!$I$2:$I$140,Movements!$A$2:$A$140,$C8,Movements!$E$2:$E$140,"<"&$A8)+SUMIFS(Movements!$J$2:$J$140,Movements!$A$2:$A$140,$C8,Movements!$E$2:$E$140,"<"&$A8) | E8: =SUMIFS(Movements!$H$2:$H$140,Movements!$A$2:$A$140,$C8,Movements!$E$2:$E$140,">="&$A8,Movements!$E$2:$E$140,"<="&$B8,Movements!$G$2:$G$140,"receipt") | F8: =-SUMIFS(Movements!$H$2:$H$140,Movements!$A$2:$A$140,$C8,Movements!$E$2:$E$140,">="&$A8,Movements!$E$2:$E$140,"<="&$B8,Movements!$G$2:$G$140,"dispense") | G8: =-SUMIFS(Movements!$H$2:$H$140,Movements!$A$2:$A$140,$C8,Movements!$E$2:$E$140,">="&$A8,Movements!$E$2:$E$140,"<="&$B8,Movements!$G$2:$G$140,"sale") | H8: =SUMIFS(Movements!$I$2:$I$140,Movements!$A$2:$A$140,$C8,Movements!$E$2:$E$140,">="&$A8,Movements!$E$2:$E$140,"<="&$B8,Movements!$G$2:$G$140,"return") | I8: =SUMIFS(Movements!$H$2:$H$140,Movements!$A$2:$A$140,$C8,Movements!$E$2:$E$140,">="&$A8,Movements!$E$2:$E$140,"<="&$B8,Movements!$G$2:$G$140,"release") | J8: =SUMIFS(Movements!$J$2:$J$140,Movements!$A$2:$A$140,$C8,Movements!$E$2:$E$140,">="&$A8,Movements!$E$2:$E$140,"<="&$B8,Movements!$G$2:$G$140,"reject") | K8: =SUMIFS(Movements!$J$2:$J$140,Movements!$A$2:$A$140,$C8,Movements!$E$2:$E$140,">="&$A8,Movements!$E$2:$E$140,"<="&$B8,Movements!$G$2:$G$140,"write_off") | L8: =-SUMIFS(Movements!$J$2:$J$140,Movements!$A$2:$A$140,$C8,Movements!$E$2:$E$140,">="&$A8,Movements!$E$2:$E$140,"<="&$B8,Movements!$G$2:$G$140,"destroy") | M8: =SUMIFS(Movements!$H$2:$H$140,Movements!$A$2:$A$140,$C8,Movements!$E$2:$E$140,">="&$A8,Movements!$E$2:$E$140,"<="&$B8,Movements!$G$2:$G$140,"adjustment") | N8: =D8+SUMIFS(Movements!$H$2:$H$140,Movements!$A$2:$A$140,$C8,Movements!$E$2:$E$140,">="&$A8,Movements!$E$2:$E$140,"<="&$B8)+SUMIFS(Movements!$I$2:$I$140,Movements!$A$2:$A$140,$C8,Movements!$E$2:$E$140,">="&$A8,Movements!$E$2:$E$140,"<="&$B8)+SUMIFS(Movements!$J$2:$J$140,Movements!$A$2:$A$140,$C8,Movements!$E$2:$E$140,">="&$A8,Movements!$E$2:$E$140,"<="&$B8) | O8: =F8+G8-I8 | P8: =-SUMIFS(Movements!$L$2:$L$140,Movements!$A$2:$A$140,$C8,Movements!$E$2:$E$140,">="&$A8,Movements!$E$2:$E$140,"<="&$B8,Movements!$G$2:$G$140,"dispense")-SUMIFS(Movements!$L$2:$L$140,Movements!$A$2:$A$140,$C8,Movements!$E$2:$E$140,">="&$A8,Movements!$E$2:$E$140,"<="&$B8,Movements!$G$2:$G$140,"sale")-SUMIFS(Movements!$L$2:$L$140,Movements!$A$2:$A$140,$C8,Movements!$E$2:$E$140,">="&$A8,Movements!$E$2:$E$140,"<="&$B8,Movements!$G$2:$G$140,"release")
A9: 2026-10-01 | B9: 2026-10-27 | C9: VITC500 | D9: =SUMIFS(Movements!$H$2:$H$140,Movements!$A$2:$A$140,$C9,Movements!$E$2:$E$140,"<"&$A9)+SUMIFS(Movements!$I$2:$I$140,Movements!$A$2:$A$140,$C9,Movements!$E$2:$E$140,"<"&$A9)+SUMIFS(Movements!$J$2:$J$140,Movements!$A$2:$A$140,$C9,Movements!$E$2:$E$140,"<"&$A9) | E9: =SUMIFS(Movements!$H$2:$H$140,Movements!$A$2:$A$140,$C9,Movements!$E$2:$E$140,">="&$A9,Movements!$E$2:$E$140,"<="&$B9,Movements!$G$2:$G$140,"receipt") | F9: =-SUMIFS(Movements!$H$2:$H$140,Movements!$A$2:$A$140,$C9,Movements!$E$2:$E$140,">="&$A9,Movements!$E$2:$E$140,"<="&$B9,Movements!$G$2:$G$140,"dispense") | G9: =-SUMIFS(Movements!$H$2:$H$140,Movements!$A$2:$A$140,$C9,Movements!$E$2:$E$140,">="&$A9,Movements!$E$2:$E$140,"<="&$B9,Movements!$G$2:$G$140,"sale") | H9: =SUMIFS(Movements!$I$2:$I$140,Movements!$A$2:$A$140,$C9,Movements!$E$2:$E$140,">="&$A9,Movements!$E$2:$E$140,"<="&$B9,Movements!$G$2:$G$140,"return") | I9: =SUMIFS(Movements!$H$2:$H$140,Movements!$A$2:$A$140,$C9,Movements!$E$2:$E$140,">="&$A9,Movements!$E$2:$E$140,"<="&$B9,Movements!$G$2:$G$140,"release") | J9: =SUMIFS(Movements!$J$2:$J$140,Movements!$A$2:$A$140,$C9,Movements!$E$2:$E$140,">="&$A9,Movements!$E$2:$E$140,"<="&$B9,Movements!$G$2:$G$140,"reject") | K9: =SUMIFS(Movements!$J$2:$J$140,Movements!$A$2:$A$140,$C9,Movements!$E$2:$E$140,">="&$A9,Movements!$E$2:$E$140,"<="&$B9,Movements!$G$2:$G$140,"write_off") | L9: =-SUMIFS(Movements!$J$2:$J$140,Movements!$A$2:$A$140,$C9,Movements!$E$2:$E$140,">="&$A9,Movements!$E$2:$E$140,"<="&$B9,Movements!$G$2:$G$140,"destroy") | M9: =SUMIFS(Movements!$H$2:$H$140,Movements!$A$2:$A$140,$C9,Movements!$E$2:$E$140,">="&$A9,Movements!$E$2:$E$140,"<="&$B9,Movements!$G$2:$G$140,"adjustment") | N9: =D9+SUMIFS(Movements!$H$2:$H$140,Movements!$A$2:$A$140,$C9,Movements!$E$2:$E$140,">="&$A9,Movements!$E$2:$E$140,"<="&$B9)+SUMIFS(Movements!$I$2:$I$140,Movements!$A$2:$A$140,$C9,Movements!$E$2:$E$140,">="&$A9,Movements!$E$2:$E$140,"<="&$B9)+SUMIFS(Movements!$J$2:$J$140,Movements!$A$2:$A$140,$C9,Movements!$E$2:$E$140,">="&$A9,Movements!$E$2:$E$140,"<="&$B9) | O9: =F9+G9-I9 | P9: =-SUMIFS(Movements!$L$2:$L$140,Movements!$A$2:$A$140,$C9,Movements!$E$2:$E$140,">="&$A9,Movements!$E$2:$E$140,"<="&$B9,Movements!$G$2:$G$140,"dispense")-SUMIFS(Movements!$L$2:$L$140,Movements!$A$2:$A$140,$C9,Movements!$E$2:$E$140,">="&$A9,Movements!$E$2:$E$140,"<="&$B9,Movements!$G$2:$G$140,"sale")-SUMIFS(Movements!$L$2:$L$140,Movements!$A$2:$A$140,$C9,Movements!$E$2:$E$140,">="&$A9,Movements!$E$2:$E$140,"<="&$B9,Movements!$G$2:$G$140,"release")

Sheet Report
A1: period_from | B1: period_to | C1: medicine | D1: opening | E1: received | F1: dispensed | G1: sold | H1: returned | I1: released | J1: rejected | K1: writtenOff | L1: destroyed | M1: adjusted | N1: closing | O1: netIssued | P1: costNetIssued
A2: 2026-09-01 | B2: 2026-09-30 | C2: BROM8 | D2: 406 | E2: 0 | F2: 0 | G2: 10 | H2: 0 | I2: 0 | J2: 0 | K2: 0 | L2: 0 | M2: 0 | N2: 396 | O2: 10 | P2: 3960
A3: 2026-09-01 | B3: 2026-09-30 | C3: LORA10 | D3: 248 | E3: 0 | F3: 0 | G3: 10 | H3: 0 | I3: 0 | J3: 0 | K3: 0 | L3: 0 | M3: 0 | N3: 238 | O3: 10 | P3: 8000
A4: 2026-09-01 | B4: 2026-09-30 | C4: PARA500 | D4: 507 | E4: 0 | F4: 0 | G4: 23 | H4: 2 | I4: 2 | J4: 0 | K4: 0 | L4: 0 | M4: 0 | N4: 486 | O4: 21 | P4: 6300
A5: 2026-09-01 | B5: 2026-09-30 | C5: VITC500 | D5: 219 | E5: 0 | F5: 0 | G5: 27 | H5: 0 | I5: 0 | J5: 0 | K5: 0 | L5: 0 | M5: 0 | N5: 192 | O5: 27 | P5: 14823
A6: 2026-10-01 | B6: 2026-10-27 | C6: BROM8 | D6: 396 | E6: 0 | F6: 0 | G6: 0 | H6: 0 | I6: 0 | J6: 0 | K6: 0 | L6: 0 | M6: 0 | N6: 396 | O6: 0 | P6: 0
A7: 2026-10-01 | B7: 2026-10-27 | C7: LORA10 | D7: 238 | E7: 0 | F7: 0 | G7: 16 | H7: 2 | I7: 0 | J7: 0 | K7: 0 | L7: 0 | M7: 0 | N7: 224 | O7: 16 | P7: 12170
A8: 2026-10-01 | B8: 2026-10-27 | C8: PARA500 | D8: 486 | E8: 0 | F8: 0 | G8: 10 | H8: 0 | I8: 0 | J8: 0 | K8: 0 | L8: 0 | M8: 0 | N8: 476 | O8: 10 | P8: 3950
A9: 2026-10-01 | B9: 2026-10-27 | C9: VITC500 | D9: 192 | E9: 0 | F9: 0 | G9: 0 | H9: 1 | I9: 0 | J9: 1 | K9: 0 | L9: 0 | M9: 0 | N9: 193 | O9: 0 | P9: 0

Sheet Compare
A1: period_from | B1: medicine | C1: calc_net_issued | D1: report_net_issued | E1: calc_cost | F1: report_cost | G1: match
A2: =Calculation!A2 | B2: =Calculation!C2 | C2: =Calculation!O2 | D2: =Report!O2 | E2: =Calculation!P2 | F2: =Report!P2 | G2: =IF(AND(C2=D2,ROUND(E2,2)=ROUND(F2,2),Calculation!N2=Report!N2),"yes","no")
A3: =Calculation!A3 | B3: =Calculation!C3 | C3: =Calculation!O3 | D3: =Report!O3 | E3: =Calculation!P3 | F3: =Report!P3 | G3: =IF(AND(C3=D3,ROUND(E3,2)=ROUND(F3,2),Calculation!N3=Report!N3),"yes","no")
A4: =Calculation!A4 | B4: =Calculation!C4 | C4: =Calculation!O4 | D4: =Report!O4 | E4: =Calculation!P4 | F4: =Report!P4 | G4: =IF(AND(C4=D4,ROUND(E4,2)=ROUND(F4,2),Calculation!N4=Report!N4),"yes","no")
A5: =Calculation!A5 | B5: =Calculation!C5 | C5: =Calculation!O5 | D5: =Report!O5 | E5: =Calculation!P5 | F5: =Report!P5 | G5: =IF(AND(C5=D5,ROUND(E5,2)=ROUND(F5,2),Calculation!N5=Report!N5),"yes","no")
A6: =Calculation!A6 | B6: =Calculation!C6 | C6: =Calculation!O6 | D6: =Report!O6 | E6: =Calculation!P6 | F6: =Report!P6 | G6: =IF(AND(C6=D6,ROUND(E6,2)=ROUND(F6,2),Calculation!N6=Report!N6),"yes","no")
A7: =Calculation!A7 | B7: =Calculation!C7 | C7: =Calculation!O7 | D7: =Report!O7 | E7: =Calculation!P7 | F7: =Report!P7 | G7: =IF(AND(C7=D7,ROUND(E7,2)=ROUND(F7,2),Calculation!N7=Report!N7),"yes","no")
A8: =Calculation!A8 | B8: =Calculation!C8 | C8: =Calculation!O8 | D8: =Report!O8 | E8: =Calculation!P8 | F8: =Report!P8 | G8: =IF(AND(C8=D8,ROUND(E8,2)=ROUND(F8,2),Calculation!N8=Report!N8),"yes","no")
A9: =Calculation!A9 | B9: =Calculation!C9 | C9: =Calculation!O9 | D9: =Report!O9 | E9: =Calculation!P9 | F9: =Report!P9 | G9: =IF(AND(C9=D9,ROUND(E9,2)=ROUND(F9,2),Calculation!N9=Report!N9),"yes","no")
